{"cameraMode":{"drawMode":0,"name":"Shaded","section":"Shading Mode"},"sceneLighting":false,"audioPlay":false,"sceneViewState":{"m_AlwaysRefresh":false,"showFog":true,"showSkybox":false,"showFlares":true,"showImageEffects":true,"showParticleSystems":true,"showVisualEffectGraphs":true,"m_FxEnabled":true},"in2DMode":false,"pivot":{"x":-32.161380767822269,"y":3.7096822261810304,"z":-2.6453418731689455},"rotation":{"x":0.21060626208782197,"y":-0.08434002101421356,"z":0.018237605690956117,"w":0.9737609028816223},"size":5.174309253692627,"orthographic":false}